ID,vi,surfacetension,radius,cTime,maxDeflection,coefOfRestitution,Density,labcTime,labcoefOfRestitution
202209171809623,-0.6312,107.0,2.38,3.4821875,0.6468718348,0.35804923643483993,3.2500000000000004,3.9971875,0.35804803404386154
