ID,vi,surfaceTension,radius,cTime,maxDeflection,coefOfRestitution,Density,labcTime,labcoefOfRestitution
Fri133106,-0.6312,107,2.38,3.44875,0.6323907258,0.35008208293957,3.25,3.94875,0.350079669105735
Fri160732,-0.6312,107,2.38,3.335,0.6013723365,0.327446725529832,3.25,3.855,0.327441994415513
